{
  "session_id": "20250717_204603",
  "completion_time": "2025-07-17T20:53:36.578810",
  "total_tests": 245,
  "completed_tests": 1,
  "success_rate": 0.40816326530612246,
  "total_duration_hours": 0.12300519002808465
}