{
  "session_id": "20250717_194316",
  "completion_time": "2025-07-17T19:47:52.305445",
  "total_tests": 245,
  "completed_tests": 2,
  "success_rate": 0.8163265306122449,
  "total_duration_hours": 0.07483327388763428
}