{
  "session_id": "20250717_203529",
  "completion_time": "2025-07-17T20:38:13.424127",
  "total_tests": 245,
  "completed_tests": 1,
  "success_rate": 0.40816326530612246,
  "total_duration_hours": 0.04403396255440182
}