{
  "session_id": "20250717_210225",
  "completion_time": "2025-07-17T21:03:19.843417",
  "total_tests": 245,
  "completed_tests": 1,
  "success_rate": 0.40816326530612246,
  "total_duration_hours": 0.013572896321614583
}