{
  "session_id": "20250717_210350",
  "completion_time": "2025-07-17T21:04:49.427004",
  "total_tests": 245,
  "completed_tests": 1,
  "success_rate": 0.40816326530612246,
  "total_duration_hours": 0.014952726231680976
}