{
  "session_id": "20250717_210501",
  "completion_time": "2025-07-17T21:06:56.299319",
  "total_tests": 245,
  "completed_tests": 4,
  "success_rate": 1.6326530612244898,
  "total_duration_hours": 0.02926483001973894
}