{
  "session_id": "20251112_103748",
  "completion_time": "2025-11-12T11:02:41.214393",
  "total_tests": 70,
  "completed_tests": 15,
  "success_rate": 21.428571428571427,
  "total_duration_hours": 0.413492895828353
}