{
  "session_id": "20251112_113806",
  "completion_time": "2025-11-12T11:39:58.163109",
  "total_tests": 68,
  "completed_tests": 2,
  "success_rate": 2.941176470588235,
  "total_duration_hours": 0.030037500593397354
}