{
  "session_id": "20251112_114128",
  "completion_time": "2025-11-12T11:56:46.134318",
  "total_tests": 68,
  "completed_tests": 15,
  "success_rate": 22.058823529411764,
  "total_duration_hours": 0.25385087430477143
}